[{"pk": 31, "model": "auth.permission", "fields": {"codename": "add_addon", "name": "Can add addon", "content_type": 11}}, {"pk": 28, "model": "auth.permission", "fields": {"codename": "add_addontype", "name": "Can add addon type", "content_type": 10}}, {"pk": 25, "model": "auth.permission", "fields": {"codename": "add_author", "name": "Can add author", "content_type": 9}}, {"pk": 34, "model": "auth.permission", "fields": {"codename": "add_rating", "name": "Can add rating", "content_type": 12}}, {"pk": 32, "model": "auth.permission", "fields": {"codename": "change_addon", "name": "Can change addon", "content_type": 11}}, {"pk": 29, "model": "auth.permission", "fields": {"codename": "change_addontype", "name": "Can change addon type", "content_type": 10}}, {"pk": 26, "model": "auth.permission", "fields": {"codename": "change_author", "name": "Can change author", "content_type": 9}}, {"pk": 35, "model": "auth.permission", "fields": {"codename": "change_rating", "name": "Can change rating", "content_type": 12}}, {"pk": 33, "model": "auth.permission", "fields": {"codename": "delete_addon", "name": "Can delete addon", "content_type": 11}}, {"pk": 30, "model": "auth.permission", "fields": {"codename": "delete_addontype", "name": "Can delete addon type", "content_type": 10}}, {"pk": 27, "model": "auth.permission", "fields": {"codename": "delete_author", "name": "Can delete author", "content_type": 9}}, {"pk": 36, "model": "auth.permission", "fields": {"codename": "delete_rating", "name": "Can delete rating", "content_type": 12}}, {"pk": 22, "model": "auth.permission", "fields": {"codename": "add_logentry", "name": "Can add log entry", "content_type": 8}}, {"pk": 23, "model": "auth.permission", "fields": {"codename": "change_logentry", "name": "Can change log entry", "content_type": 8}}, {"pk": 24, "model": "auth.permission", "fields": {"codename": "delete_logentry", "name": "Can delete log entry", "content_type": 8}}, {"pk": 4, "model": "auth.permission", "fields": {"codename": "add_group", "name": "Can add group", "content_type": 2}}, {"pk": 10, "model": "auth.permission", "fields": {"codename": "add_message", "name": "Can add message", "content_type": 4}}, {"pk": 1, "model": "auth.permission", "fields": {"codename": "add_permission", "name": "Can add permission", "content_type": 1}}, {"pk": 7, "model": "auth.permission", "fields": {"codename": "add_user", "name": "Can add user", "content_type": 3}}, {"pk": 5, "model": "auth.permission", "fields": {"codename": "change_group", "name": "Can change group", "content_type": 2}}, {"pk": 11, "model": "auth.permission", "fields": {"codename": "change_message", "name": "Can change message", "content_type": 4}}, {"pk": 2, "model": "auth.permission", "fields": {"codename": "change_permission", "name": "Can change permission", "content_type": 1}}, {"pk": 8, "model": "auth.permission", "fields": {"codename": "change_user", "name": "Can change user", "content_type": 3}}, {"pk": 6, "model": "auth.permission", "fields": {"codename": "delete_group", "name": "Can delete group", "content_type": 2}}, {"pk": 12, "model": "auth.permission", "fields": {"codename": "delete_message", "name": "Can delete message", "content_type": 4}}, {"pk": 3, "model": "auth.permission", "fields": {"codename": "delete_permission", "name": "Can delete permission", "content_type": 1}}, {"pk": 9, "model": "auth.permission", "fields": {"codename": "delete_user", "name": "Can delete user", "content_type": 3}}, {"pk": 13, "model": "auth.permission", "fields": {"codename": "add_contenttype", "name": "Can add content type", "content_type": 5}}, {"pk": 14, "model": "auth.permission", "fields": {"codename": "change_contenttype", "name": "Can change content type", "content_type": 5}}, {"pk": 15, "model": "auth.permission", "fields": {"codename": "delete_contenttype", "name": "Can delete content type", "content_type": 5}}, {"pk": 16, "model": "auth.permission", "fields": {"codename": "add_session", "name": "Can add session", "content_type": 6}}, {"pk": 17, "model": "auth.permission", "fields": {"codename": "change_session", "name": "Can change session", "content_type": 6}}, {"pk": 18, "model": "auth.permission", "fields": {"codename": "delete_session", "name": "Can delete session", "content_type": 6}}, {"pk": 19, "model": "auth.permission", "fields": {"codename": "add_site", "name": "Can add site", "content_type": 7}}, {"pk": 20, "model": "auth.permission", "fields": {"codename": "change_site", "name": "Can change site", "content_type": 7}}, {"pk": 21, "model": "auth.permission", "fields": {"codename": "delete_site", "name": "Can delete site", "content_type": 7}}, {"pk": 1, "model": "auth.user", "fields": {"username": "admin", "first_name": "", "last_name": "", "is_active": true, "is_superuser": true, "is_staff": true, "last_login": "2010-01-20 07:42:58", "groups": [], "user_permissions": [], "password": "sha1$b15b1$dfe69dc5adc1ae3c23340e6f8fddf0f2f092e8ef", "email": "admin@ad.pl", "date_joined": "2010-01-17 12:59:36"}}, {"pk": 2, "model": "auth.user", "fields": {"username": "master", "first_name": "", "last_name": "", "is_active": true, "is_superuser": false, "is_staff": false, "last_login": "2010-03-13 13:19:37", "groups": [], "user_permissions": [], "password": "whatever", "email": "", "date_joined": "2010-03-13 13:19:37"}}, {"pk": 11, "model": "contenttypes.contenttype", "fields": {"model": "addon", "name": "addon", "app_label": "addons"}}, {"pk": 10, "model": "contenttypes.contenttype", "fields": {"model": "addontype", "name": "addon type", "app_label": "addons"}}, {"pk": 9, "model": "contenttypes.contenttype", "fields": {"model": "author", "name": "author", "app_label": "addons"}}, {"pk": 5, "model": "contenttypes.contenttype", "fields": {"model": "contenttype", "name": "content type", "app_label": "contenttypes"}}, {"pk": 2, "model": "contenttypes.contenttype", "fields": {"model": "group", "name": "group", "app_label": "auth"}}, {"pk": 8, "model": "contenttypes.contenttype", "fields": {"model": "logentry", "name": "log entry", "app_label": "admin"}}, {"pk": 4, "model": "contenttypes.contenttype", "fields": {"model": "message", "name": "message", "app_label": "auth"}}, {"pk": 1, "model": "contenttypes.contenttype", "fields": {"model": "permission", "name": "permission", "app_label": "auth"}}, {"pk": 12, "model": "contenttypes.contenttype", "fields": {"model": "rating", "name": "rating", "app_label": "addons"}}, {"pk": 6, "model": "contenttypes.contenttype", "fields": {"model": "session", "name": "session", "app_label": "sessions"}}, {"pk": 7, "model": "contenttypes.contenttype", "fields": {"model": "site", "name": "site", "app_label": "sites"}}, {"pk": 3, "model": "contenttypes.contenttype", "fields": {"model": "user", "name": "user", "app_label": "auth"}}, {"pk": "00a91496337e8d98a42d1eba3a258df6", "model": "sessions.session", "fields": {"expire_date": "2010-01-31 13:02:06", "session_data": "gAJ9cQEoVRJfYXV0aF91c2VyX2JhY2tlbmRxAlUpZGphbmdvLmNvbnRyaWIuYXV0aC5iYWNrZW5k\ncy5Nb2RlbEJhY2tlbmRxA1UNX2F1dGhfdXNlcl9pZHEESwF1LjcwYzFmYTU2MmNkNjM2NmYwOWVh\nMzgwNjZkZjlmNzE4\n"}}, {"pk": "bd8ad88ecfb16d4594ae077b866afd1b", "model": "sessions.session", "fields": {"expire_date": "2010-01-31 13:20:48", "session_data": "gAJ9cQEoVRJfYXV0aF91c2VyX2JhY2tlbmRxAlUpZGphbmdvLmNvbnRyaWIuYXV0aC5iYWNrZW5k\ncy5Nb2RlbEJhY2tlbmRxA1UNX2F1dGhfdXNlcl9pZHEESwF1LjcwYzFmYTU2MmNkNjM2NmYwOWVh\nMzgwNjZkZjlmNzE4\n"}}, {"pk": "7bbd5484f4119b4199d49e886190ec03", "model": "sessions.session", "fields": {"expire_date": "2010-02-03 07:42:58", "session_data": "gAJ9cQEoVRJfYXV0aF91c2VyX2JhY2tlbmRxAlUpZGphbmdvLmNvbnRyaWIuYXV0aC5iYWNrZW5k\ncy5Nb2RlbEJhY2tlbmRxA1UNX2F1dGhfdXNlcl9pZHEESwF1LjcwYzFmYTU2MmNkNjM2NmYwOWVh\nMzgwNjZkZjlmNzE4\n"}}, {"pk": 1, "model": "sites.site", "fields": {"domain": "example.com", "name": "example.com"}}, {"pk": 31, "model": "admin.logentry", "fields": {"action_flag": 2, "action_time": "2010-01-20 07:45:02", "object_repr": "Trinity", "object_id": "4", "change_message": "Changed file.", "user": 1, "content_type": 11}}, {"pk": 30, "model": "admin.logentry", "fields": {"action_flag": 2, "action_time": "2010-01-20 07:44:32", "object_repr": "Bad Moon Rising", "object_id": "5", "change_message": "Changed file.", "user": 1, "content_type": 11}}, {"pk": 29, "model": "admin.logentry", "fields": {"action_flag": 2, "action_time": "2010-01-20 07:44:26", "object_repr": "Archaic Era", "object_id": "3", "change_message": "Changed file.", "user": 1, "content_type": 11}}, {"pk": 28, "model": "admin.logentry", "fields": {"action_flag": 2, "action_time": "2010-01-20 07:44:16", "object_repr": "Aethaeryn's Maps", "object_id": "2", "change_message": "Changed file.", "user": 1, "content_type": 11}}, {"pk": 27, "model": "admin.logentry", "fields": {"action_flag": 2, "action_time": "2010-01-20 07:43:45", "object_repr": "Invasion from the Unknown", "object_id": "1", "change_message": "Changed file.", "user": 1, "content_type": 11}}, {"pk": 26, "model": "admin.logentry", "fields": {"action_flag": 1, "action_time": "2010-01-17 13:32:04", "object_repr": "Ageless Era", "object_id": "10", "change_message": "", "user": 1, "content_type": 11}}, {"pk": 25, "model": "admin.logentry", "fields": {"action_flag": 1, "action_time": "2010-01-17 13:30:57", "object_repr": "Era of Magic", "object_id": "9", "change_message": "", "user": 1, "content_type": 11}}, {"pk": 24, "model": "admin.logentry", "fields": {"action_flag": 1, "action_time": "2010-01-17 13:30:54", "object_repr": "inferno8", "object_id": "6", "change_message": "", "user": 1, "content_type": 9}}, {"pk": 23, "model": "admin.logentry", "fields": {"action_flag": 1, "action_time": "2010-01-17 13:27:14", "object_repr": "Conquest: Risk Inspired Gameplay", "object_id": "8", "change_message": "", "user": 1, "content_type": 11}}, {"pk": 22, "model": "admin.logentry", "fields": {"action_flag": 1, "action_time": "2010-01-17 13:27:10", "object_repr": "Blueblaze", "object_id": "5", "change_message": "", "user": 1, "content_type": 9}}, {"pk": 21, "model": "admin.logentry", "fields": {"action_flag": 1, "action_time": "2010-01-17 13:26:48", "object_repr": "MP Scenario", "object_id": "4", "change_message": "", "user": 1, "content_type": 10}}, {"pk": 20, "model": "admin.logentry", "fields": {"action_flag": 1, "action_time": "2010-01-17 13:25:36", "object_repr": "Gali's Contract", "object_id": "7", "change_message": "", "user": 1, "content_type": 11}}, {"pk": 19, "model": "admin.logentry", "fields": {"action_flag": 1, "action_time": "2010-01-17 13:24:13", "object_repr": "The Fall of Silvium", "object_id": "6", "change_message": "", "user": 1, "content_type": 11}}, {"pk": 18, "model": "admin.logentry", "fields": {"action_flag": 1, "action_time": "2010-01-17 13:23:44", "object_repr": "turin", "object_id": "4", "change_message": "", "user": 1, "content_type": 9}}, {"pk": 17, "model": "admin.logentry", "fields": {"action_flag": 1, "action_time": "2010-01-17 13:13:11", "object_repr": "Rating: 4", "object_id": "6", "change_message": "", "user": 1, "content_type": 12}}, {"pk": 16, "model": "admin.logentry", "fields": {"action_flag": 1, "action_time": "2010-01-17 13:12:45", "object_repr": "Rating: 3", "object_id": "5", "change_message": "", "user": 1, "content_type": 12}}, {"pk": 15, "model": "admin.logentry", "fields": {"action_flag": 1, "action_time": "2010-01-17 13:12:31", "object_repr": "Rating: 3", "object_id": "4", "change_message": "", "user": 1, "content_type": 12}}, {"pk": 14, "model": "admin.logentry", "fields": {"action_flag": 1, "action_time": "2010-01-17 13:12:22", "object_repr": "Rating: 2", "object_id": "3", "change_message": "", "user": 1, "content_type": 12}}, {"pk": 13, "model": "admin.logentry", "fields": {"action_flag": 1, "action_time": "2010-01-17 13:12:18", "object_repr": "Rating: 4", "object_id": "2", "change_message": "", "user": 1, "content_type": 12}}, {"pk": 12, "model": "admin.logentry", "fields": {"action_flag": 1, "action_time": "2010-01-17 13:12:12", "object_repr": "Rating: 5", "object_id": "1", "change_message": "", "user": 1, "content_type": 12}}, {"pk": 11, "model": "admin.logentry", "fields": {"action_flag": 1, "action_time": "2010-01-17 13:10:53", "object_repr": "Bad Moon Rising", "object_id": "5", "change_message": "", "user": 1, "content_type": 11}}, {"pk": 10, "model": "admin.logentry", "fields": {"action_flag": 1, "action_time": "2010-01-17 13:09:59", "object_repr": "Trinity", "object_id": "4", "change_message": "", "user": 1, "content_type": 11}}, {"pk": 9, "model": "admin.logentry", "fields": {"action_flag": 1, "action_time": "2010-01-17 13:08:29", "object_repr": "Archaic Era", "object_id": "3", "change_message": "", "user": 1, "content_type": 11}}, {"pk": 8, "model": "admin.logentry", "fields": {"action_flag": 1, "action_time": "2010-01-17 13:07:11", "object_repr": "Aethaeryn's Maps", "object_id": "2", "change_message": "", "user": 1, "content_type": 11}}, {"pk": 7, "model": "admin.logentry", "fields": {"action_flag": 1, "action_time": "2010-01-17 13:06:14", "object_repr": "Invasion from the Unknown", "object_id": "1", "change_message": "", "user": 1, "content_type": 11}}, {"pk": 6, "model": "admin.logentry", "fields": {"action_flag": 1, "action_time": "2010-01-17 13:03:42", "object_repr": "MP era", "object_id": "3", "change_message": "", "user": 1, "content_type": 10}}, {"pk": 5, "model": "admin.logentry", "fields": {"action_flag": 1, "action_time": "2010-01-17 13:03:36", "object_repr": "MP map-pack", "object_id": "2", "change_message": "", "user": 1, "content_type": 10}}, {"pk": 4, "model": "admin.logentry", "fields": {"action_flag": 1, "action_time": "2010-01-17 13:03:24", "object_repr": "Campaign", "object_id": "1", "change_message": "", "user": 1, "content_type": 10}}, {"pk": 3, "model": "admin.logentry", "fields": {"action_flag": 1, "action_time": "2010-01-17 13:02:52", "object_repr": "doofus-01", "object_id": "3", "change_message": "", "user": 1, "content_type": 9}}, {"pk": 2, "model": "admin.logentry", "fields": {"action_flag": 1, "action_time": "2010-01-17 13:02:43", "object_repr": "Aethaeryn", "object_id": "2", "change_message": "", "user": 1, "content_type": 9}}, {"pk": 1, "model": "admin.logentry", "fields": {"action_flag": 1, "action_time": "2010-01-17 13:02:34", "object_repr": "shadowmaster", "object_id": "1", "change_message": "", "user": 1, "content_type": 9}}, {"pk": 1, "model": "addons.author", "fields": {"name": "shadowmaster", "forum_id": 1}}, {"pk": 2, "model": "addons.author", "fields": {"name": "Aethaeryn", "forum_id": 2}}, {"pk": 3, "model": "addons.author", "fields": {"name": "doofus-01", "forum_id": 3}}, {"pk": 4, "model": "addons.author", "fields": {"name": "turin", "forum_id": 8765}}, {"pk": 5, "model": "addons.author", "fields": {"name": "Blueblaze", "forum_id": 23}}, {"pk": 6, "model": "addons.author", "fields": {"name": "inferno8", "forum_id": 42323}}, {"pk": 1, "model": "addons.addontype", "fields": {"type_name": "Campaign"}}, {"pk": 2, "model": "addons.addontype", "fields": {"type_name": "MP map-pack"}}, {"pk": 3, "model": "addons.addontype", "fields": {"type_name": "MP era"}}, {"pk": 4, "model": "addons.addontype", "fields": {"type_name": "MP Scenario"}}, {"pk": 1, "model": "addons.addon", "fields": {"lastUpdate": "2009-12-23 13:06:08", "ver": "1.70.2", "name": "Invasion from the Unknown", "img": "bones.png", "downloads": 3840, "uploads": 2, "file": "addons/sdas68_.gz", "authors": [1], "type": 1, "desc": "Long after the Fall, the last forest elves are forced to abandon their safe valley, and find themselves resorting to the dark means of necromancy in order to survive the perils and challenges of this new harsh world. Later, as the shadow of Chaos covers the entire continent, they prepare a counter-attack to the Empire, with one unique goal in their minds: defeat the evil Emperor, whoever it is. Lead these courageous living and non-living warriors to the victory, and rediscover lost secrets of the history. FOR WESNOTH 1.7.7 AND LATER ONLY. (Expert level, 2 chapters of 13 scenarios each one.)"}}, {"pk": 2, "model": "addons.addon", "fields": {"lastUpdate": "2009-11-09 13:07:08", "ver": "0.5", "name": "Aethaeryn's Maps", "img": "ink.png", "downloads": 1463, "uploads": 1, "file": "addons/sasasd68_.gz", "authors": [2], "type": 2, "desc": "Version 0.5 contains: 2p Gladiator Arena (0.5) 2p Twin Rivers (0.5) 3p Fortress Defense (0.7) 3p Hide and Seek (0.1) 4p Chambers (0.5) 4p Fortress Assault (1.1) 4p Four Bases (0.3) 5p Aethaeryn's Empires (0.2) 5p Dwarven Fortress (0.1) 6p Random Rumble (0.3)"}}, {"pk": 3, "model": "addons.addon", "fields": {"lastUpdate": "2010-01-13 13:08:25", "ver": "0.9.3", "name": "Archaic Era", "img": "icepack-1.png", "downloads": 3117, "uploads": 13, "file": "addons/gac4_.gz", "authors": [3], "type": 3, "desc": "This era contains Primeval, Khthon, Ukian, South-Seas, and Phantom factions. Partially animated. Not well balanced. Needed for BMR & Trinity campaigns. (Revision 0.9.3: Modifications to phantoms.)"}}, {"pk": 4, "model": "addons.addon", "fields": {"lastUpdate": "2009-11-30 13:09:56", "ver": "0.0.5", "name": "Trinity", "img": "icepack-1.png", "downloads": 1653, "uploads": 2, "file": "addons/sasd68_.gz", "authors": [3], "type": 1, "desc": "Wesnoth is under assault from horrors from the north. Sequel to Bad Moon Rising (SP Campaign, ~20 scenarios) STATUS for 0.0.5: Some more revisions to Primeval branch, especially the 5th scenario. About 5 scenarios for each of three branches (should) work."}}, {"pk": 5, "model": "addons.addon", "fields": {"lastUpdate": "2010-01-13 13:10:48", "ver": "0.9.3", "name": "Bad Moon Rising", "img": "icepack-1.png", "downloads": 1978, "uploads": 4, "file": "addons/gac4__.gz", "authors": [3], "type": 1, "desc": "An expedition to gather treasure from the cold north sets off compounding disaster. SP Campaign (+20 scenarios - Requires 'Archaic Era' add-on) STATUS for 0.9.3: Updated some scenarios in Part III."}}, {"pk": 6, "model": "addons.addon", "fields": {"lastUpdate": "2010-01-17 13:24:11", "ver": "0.6.9", "name": "The Fall of Silvium", "img": "deciduous-winter-snow-tile.png", "downloads": 479, "uploads": 6, "file": "addons/sdas68.gz", "authors": [4], "type": 1, "desc": "(890-900 SI) You are Caius Regilius, a Tribune, of the province Silvia, located in the northmost reaches of the Lavinian Empire. You reside in the city of Silvium, capital of the province, on the border with the northern barbarians. This is the height of the Lavinian Empire - but the Empire has overextended itself. The city of Silvia lies north of the mountains of Arendia, and is sandwiched between the Marauders and the Sidhe... war is inevitable, and the province of Silvia will almost certainly fall. (an Imperial Era campaign set in the world of Orbivm)"}}, {"pk": 7, "model": "addons.addon", "fields": {"lastUpdate": "2010-01-17 13:25:33", "ver": "0.2", "name": "Gali's Contract", "img": "unknown-unit.png", "downloads": 4573, "uploads": 2, "file": "addons/gac4.gz", "authors": [2, 3, 4], "type": 1, "desc": "(951-952 SI) The Thunderblades were forged centuries ago - a monument to the skill of the dwarven craftsmen and the magic of the Sidhe stormlords. But now, Alfhelm the Wise, king of men, travels east, and he desires a new weapon - one that can overpower the legendary swords of the Sidhe. The dwarf Gali will gladly make one for him, for a fair price, but there are some who would object. (an Imperial Era campaign set in the world of Orbivm)"}}, {"pk": 8, "model": "addons.addon", "fields": {"lastUpdate": "2010-01-17 13:26:52", "ver": "1.0", "name": "Conquest: Risk Inspired Gameplay", "img": "thunderstick.png", "downloads": 24453, "uploads": 5, "file": "addons/sasd68.gz", "authors": [5], "type": 4, "desc": "Conquest is multiplayer game with gameplay that is inspired by the board game Risk. Players battle each other capturing villages throughout Europe and the World. Your ability to forge temporary alliances is as important as your ability to raise an army and fight. You must be a skilled war leader as well as a skilled diplomat to have success on the battlefield. Contact Blueblaze on the Wesnoth.org forums to find out how your own custom maps can be included into future releases of Conquest. Suggestions and comments always welcomed via the Conquest's forum post."}}, {"pk": 9, "model": "addons.addon", "fields": {"lastUpdate": "2010-01-17 13:30:38", "ver": "0.7.4", "name": "Era of Magic", "img": "faerie-fire.png", "downloads": 54343, "uploads": 11, "file": "addons/saasd68.gz", "authors": [6], "type": 3, "desc": "Magic, magic is everywhere in this world..."}}, {"pk": 10, "model": "addons.addon", "fields": {"lastUpdate": "2010-01-17 13:31:57", "ver": "1.2", "name": "Ageless Era", "img": "sword-holy.png", "downloads": 322, "uploads": 1, "file": "addons/sasasd68.gz", "authors": [1, 3, 6], "type": 3, "desc": "The largest era ever made featuring EE, EOM, STRIFE, IMPER, FEUDAL, MAGIC, The Ukians, The Primeval and more..."}}, {"pk": 1, "model": "addons.rating", "fields": {"date": "2010-01-17", "ip": "127.0.0.1", "value": 5, "addon": 1}}, {"pk": 2, "model": "addons.rating", "fields": {"date": "2010-01-17", "ip": "127.0.0.1", "value": 4, "addon": 1}}, {"pk": 3, "model": "addons.rating", "fields": {"date": "2010-01-17", "ip": "127.0.0.1", "value": 2, "addon": 4}}, {"pk": 4, "model": "addons.rating", "fields": {"date": "2010-01-17", "ip": "127.0.0.1", "value": 3, "addon": 3}}, {"pk": 5, "model": "addons.rating", "fields": {"date": "2010-01-17", "ip": "127.0.0.1", "value": 3, "addon": 2}}, {"pk": 6, "model": "addons.rating", "fields": {"date": "2010-01-17", "ip": "127.0.0.1", "value": 4, "addon": 5}}, {"pk": 7, "model": "addons.rating", "fields": {"date": "2010-01-17", "ip": "localhost:8000", "value": 3, "addon": 10}}, {"pk": 8, "model": "addons.rating", "fields": {"date": "2010-01-17", "ip": "localhost:8000", "value": 4, "addon": 10}}, {"pk": 9, "model": "addons.rating", "fields": {"date": "2010-01-17", "ip": "localhost:8000", "value": 1, "addon": 8}}, {"pk": 10, "model": "addons.rating", "fields": {"date": "2010-01-17", "ip": "localhost:8000", "value": 2, "addon": 8}}, {"pk": 11, "model": "addons.rating", "fields": {"date": "2010-01-17", "ip": "localhost:8000", "value": 2, "addon": 8}}, {"pk": 12, "model": "addons.rating", "fields": {"date": "2010-01-17", "ip": "localhost:8000", "value": 3, "addon": 8}}, {"pk": 13, "model": "addons.rating", "fields": {"date": "2010-01-17", "ip": "localhost:8000", "value": 4, "addon": 8}}, {"pk": 14, "model": "addons.rating", "fields": {"date": "2010-01-17", "ip": "localhost:8000", "value": 5, "addon": 9}}, {"pk": 15, "model": "addons.rating", "fields": {"date": "2010-01-17", "ip": "localhost:8000", "value": 4, "addon": 9}}, {"pk": 16, "model": "addons.rating", "fields": {"date": "2010-01-17", "ip": "localhost:8000", "value": 3, "addon": 9}}, {"pk": 17, "model": "addons.rating", "fields": {"date": "2010-01-17", "ip": "localhost:8000", "value": 5, "addon": 9}}, {"pk": 18, "model": "addons.rating", "fields": {"date": "2010-01-17", "ip": "localhost:8000", "value": 5, "addon": 9}}, {"pk": 19, "model": "addons.rating", "fields": {"date": "2010-01-17", "ip": "localhost:8000", "value": 5, "addon": 7}}, {"pk": 20, "model": "addons.rating", "fields": {"date": "2010-01-17", "ip": "localhost:8000", "value": 5, "addon": 7}}, {"pk": 21, "model": "addons.rating", "fields": {"date": "2010-01-17", "ip": "localhost:8000", "value": 5, "addon": 7}}, {"pk": 22, "model": "addons.rating", "fields": {"date": "2010-01-17", "ip": "localhost:8000", "value": 4, "addon": 7}}, {"pk": 23, "model": "addons.rating", "fields": {"date": "2010-01-17", "ip": "localhost:8000", "value": 3, "addon": 6}}, {"pk": 24, "model": "addons.rating", "fields": {"date": "2010-01-17", "ip": "localhost:8000", "value": 2, "addon": 6}}, {"pk": 25, "model": "addons.rating", "fields": {"date": "2010-01-17", "ip": "localhost:8000", "value": 5, "addon": 6}}, {"pk": 26, "model": "addons.rating", "fields": {"date": "2010-01-17", "ip": "localhost:8000", "value": 4, "addon": 6}}, {"pk": 27, "model": "addons.rating", "fields": {"date": "2010-01-17", "ip": "localhost:8000", "value": 3, "addon": 6}}, {"pk": 28, "model": "addons.rating", "fields": {"date": "2010-01-17", "ip": "localhost:8000", "value": 3, "addon": 6}}, {"pk": 29, "model": "addons.rating", "fields": {"date": "2010-01-17", "ip": "localhost:8000", "value": 3, "addon": 6}}, {"pk": 30, "model": "addons.rating", "fields": {"date": "2010-01-17", "ip": "localhost:8000", "value": 3, "addon": 6}}, {"pk": 31, "model": "addons.rating", "fields": {"date": "2010-01-17", "ip": "localhost:8000", "value": 3, "addon": 2}}, {"pk": 32, "model": "addons.rating", "fields": {"date": "2010-01-17", "ip": "localhost:8000", "value": 5, "addon": 2}}, {"pk": 33, "model": "addons.rating", "fields": {"date": "2010-01-17", "ip": "localhost:8000", "value": 3, "addon": 2}}, {"pk": 34, "model": "addons.rating", "fields": {"date": "2010-01-17", "ip": "localhost:8000", "value": 5, "addon": 2}}, {"pk": 35, "model": "addons.rating", "fields": {"date": "2010-01-17", "ip": "localhost:8000", "value": 5, "addon": 2}}, {"pk": 36, "model": "addons.rating", "fields": {"date": "2010-01-17", "ip": "localhost:8000", "value": 1, "addon": 2}}, {"pk": 37, "model": "addons.rating", "fields": {"date": "2010-01-17", "ip": "localhost:8000", "value": 4, "addon": 2}}, {"pk": 38, "model": "addons.rating", "fields": {"date": "2010-01-19", "ip": "localhost:8000", "value": 3, "addon": 7}}, {"pk": 39, "model": "addons.rating", "fields": {"date": "2010-01-19", "ip": "localhost:8000", "value": 3, "addon": 7}}, {"pk": 40, "model": "addons.rating", "fields": {"date": "2010-01-22", "ip": "127.0.0.1:8000", "value": 3, "addon": 2}}, {"pk": 41, "model": "addons.rating", "fields": {"date": "2010-01-22", "ip": "127.0.0.1:8000", "value": 5, "addon": 2}}]
